{"_timestamp":1.775572609821495e+09,"final_energy":[-0.36404045978595007,-0.438882948731511,-0.5786110060421703,-0.7418421757817293,-0.8568716262104696,-1.0566924042981913,-1.1927808192611729,-1.2667483582620596,-1.4594173276648734,-1.6082229909852352],"n_parameters":690,"_step":10,"_wandb":{"runtime":66},"energy per site":-0.4020557477463088,"runtime":66.74773406982422,"energy variance per site":1.6525055958859909,"_runtime":66}