{"_runtime":77,"energy per site":-0.4020557477463088,"_timestamp":1.775570618656041e+09,"_step":9,"_wandb":{"runtime":77}}