{"_wandb":{"runtime":72},"_runtime":72,"_timestamp":1.775570258038006e+09,"_step":9,"energy per site":-0.4020557477463088}