{"_timestamp":1.7755723964163918e+09,"_wandb":{"runtime":70},"_runtime":70,"_step":9,"energy per site":-0.4020557477463088,"energy variance per site":1.6525055958859909}