{"_step":9,"energy per site":-0.4020557477463088,"_wandb":{"runtime":75},"_runtime":75,"_timestamp":1.7755700856941838e+09}